lat,lon,angle
36.259826, 69.751650,90
34.848721, 68.410147,90
33.087470, 68.263811,90
32.304722, 66.920445,90
33.543603, 67.727100,90
30.012902, 75.298759,245
30.978538, 75.647944,245
27.505954, 72.514954,225
29.029630, 74.423366,225
29.031319, 75.157558,225
30.541354, 62.940119,45
27.951808, 60.497067,45
25.376138, 72.323731,225
23.907484, 71.985357,225
27.211776, 71.143633,245
25.776283, 71.734917,245
32.147322, 77.844057,270
30.998210, 64.569434,75
32.198350, 66.430538,75



